{
  "_fv": 34,
  "_type": "armor",
  "definition": {
    "enableHelmet": true,
    "textureHelmet": "diamond_helmet",
    "enableBody": true,
    "textureBody": "diamond_chestplate",
    "enableLeggings": true,
    "textureLeggings": "diamond_leggings",
    "enableBoots": true,
    "textureBoots": "diamond_boots",
    "onHelmetTick": {
      "name": "SculkArmorHelmetTickEvent"
    },
    "onBodyTick": {
      "name": "SculkArmorHelmetTickEvent"
    },
    "onLeggingsTick": {
      "name": "SculkArmorHelmetTickEvent"
    },
    "onBootsTick": {
      "name": "SculkArmorHelmetTickEvent"
    },
    "creativeTab": {
      "value": "CUSTOM:Sculk"
    },
    "armorTextureFile": "diamond_",
    "helmetName": "Sculk Helmet",
    "bodyName": "Sculk Body",
    "leggingsName": "Sculk Leggings",
    "bootsName": "Sculk  Boots",
    "helmetSpecialInfo": [],
    "bodySpecialInfo": [],
    "leggingsSpecialInfo": [],
    "bootsSpecialInfo": [],
    "helmetModelName": "Default",
    "helmetModelPart": "Helmet",
    "helmetModelTexture": "From armor",
    "bodyModelName": "Default",
    "bodyModelPart": "Body",
    "armsModelPartL": "Arms L",
    "armsModelPartR": "Arms R",
    "bodyModelTexture": "From armor",
    "leggingsModelName": "Default",
    "leggingsModelPartL": "Leggings L",
    "leggingsModelPartR": "Leggings R",
    "leggingsModelTexture": "From armor",
    "bootsModelName": "Default",
    "bootsModelPartL": "Boots L",
    "bootsModelPartR": "Boots R",
    "bootsModelTexture": "From armor",
    "helmetImmuneToFire": false,
    "bodyImmuneToFire": false,
    "leggingsImmuneToFire": false,
    "bootsImmuneToFire": false,
    "maxDamage": 25,
    "damageValueHelmet": 2,
    "damageValueBody": 6,
    "damageValueLeggings": 5,
    "damageValueBoots": 2,
    "enchantability": 9,
    "toughness": 0.30000000000000004,
    "knockbackResistance": 0.2,
    "equipSound": {
      "value": "block.sculk_catalyst.break"
    },
    "repairItems": []
  }
}