{
  "_fv": 34,
  "_type": "tool",
  "definition": {
    "renderType": 0,
    "texture": "diamond_shovel",
    "customModelName": "Normal",
    "name": "Sculk Shovel",
    "specialInfo": [],
    "creativeTab": {
      "value": "CUSTOM:Sculk"
    },
    "toolType": "Spade",
    "harvestLevel": 5,
    "efficiency": 20.0,
    "attackSpeed": 1.0,
    "enchantability": 14,
    "damageVsEntity": 2.0,
    "usageCount": 2031,
    "blocksAffected": [],
    "hasGlow": false,
    "repairItems": [
      {
        "value": "Blocks.SCULK"
      }
    ],
    "immuneToFire": false,
    "stayInGridWhenCrafting": false,
    "damageOnCrafting": false
  }
}