{
  "_fv": 34,
  "_type": "rangeditem",
  "definition": {
    "renderType": 0,
    "texture": "crossbow_standby",
    "customModelName": "Normal",
    "name": "Sculk Crossbow",
    "specialInfo": [],
    "creativeTab": {
      "value": "CUSTOM:Sculk"
    },
    "stackSize": 1,
    "ammoItem": {
      "value": "Blocks.SCULK"
    },
    "shootConstantly": false,
    "usageCount": 100,
    "actionSound": {
      "value": "entity.arrow.shoot"
    },
    "hasGlow": false,
    "animation": "crossbow",
    "enableMeleeDamage": false,
    "damageVsEntity": 15.0,
    "bulletPower": 1.5,
    "bulletDamage": 5.0,
    "bulletKnockback": 7,
    "bulletParticles": false,
    "bulletIgnitesFire": false,
    "bulletItemTexture": {
      "value": "Blocks.SCULK"
    },
    "bulletModel": "Default",
    "customBulletModelTexture": "",
    "onBulletHitsBlock": {
      "name": "SculkCrossbowProjectileHitsBlock"
    }
  }
}